chain,resseq,resname,salt bridge,hydrogen bond,aromatic stacking,vdw hydrophobic,total_contacts
A,19,SER,0,0,0,2,2
A,24,GLN,0,1,0,34,35
A,27,THR,0,0,0,64,64
A,28,PHE,0,0,4,22,26
A,30,ASP,15,0,0,18,33
A,31,LYS,2,1,0,66,69
A,34,HIE,0,0,0,53,53
A,35,GLU,0,0,0,1,1
A,37,GLU,0,1,0,7,8
A,38,ASP,0,2,0,14,16
A,41,TYR,0,2,0,53,55
A,42,GLN,0,2,0,13,15
A,45,LEU,0,0,0,14,14
A,79,LEU,0,0,0,16,16
A,82,MET,0,0,0,20,20
A,83,TYR,0,1,20,35,56
A,330,ASN,0,0,0,22,22
A,353,LYS,0,2,0,118,120
A,354,GLY,0,0,0,26,26
A,355,ASP,0,0,0,20,20
A,357,ARG,0,0,0,23,23
A,393,ARG,0,0,0,6,6
E,417,LYS,15,0,0,4,19
E,445,VAL,0,0,0,1,1
E,446,GLY,0,0,0,7,7
E,449,TYR,0,3,0,14,17
E,453,TYR,0,0,0,16,16
E,455,LEU,0,0,0,44,44
E,456,PHE,0,0,0,48,48
E,473,TYR,0,0,0,7,7
E,475,ALA,0,0,0,24,24
E,476,GLY,0,0,0,10,10
E,484,GLU,2,0,0,0,2
E,486,PHE,0,0,20,56,76
E,487,ASN,0,2,0,30,32
E,489,TYR,0,0,4,65,69
E,493,GLN,0,1,0,27,28
E,496,GLY,0,1,0,22,23
E,498,GLN,0,1,0,47,48
E,500,THR,0,1,0,79,80
E,501,ASN,0,1,0,40,41
E,502,GLY,0,1,0,28,29
E,505,TYR,0,1,0,78,79
