A_resname,A_resseq,A_atom,E_resname,E_resseq,E_atom,distance_A,interaction_type
SER,19,H3,ALA,475,O,3.408,vdw hydrophobic
SER,19,H3,GLY,476,HA2,3.985,vdw hydrophobic
GLN,24,CB,ASN,487,OD1,3.757,vdw hydrophobic
GLN,24,CB,ASN,487,HD21,3.417,vdw hydrophobic
GLN,24,CG,ALA,475,O,3.653,vdw hydrophobic
GLN,24,CG,GLY,476,HA2,3.668,vdw hydrophobic
GLN,24,CG,ASN,487,ND2,3.996,vdw hydrophobic
GLN,24,CG,ASN,487,HD21,3.448,vdw hydrophobic
GLN,24,CD,GLY,476,HA2,3.456,vdw hydrophobic
GLN,24,CD,ASN,487,ND2,3.554,vdw hydrophobic
GLN,24,CD,ASN,487,HD21,2.898,vdw hydrophobic
GLN,24,CD,ASN,487,HD22,3.893,vdw hydrophobic
GLN,24,OE1,GLY,476,HA2,3.785,vdw hydrophobic
GLN,24,OE1,ASN,487,CG,3.712,vdw hydrophobic
GLN,24,OE1,ASN,487,ND2,2.688,hydrogen bond
GLN,24,OE1,ASN,487,HD21,1.892,vdw hydrophobic
GLN,24,OE1,ASN,487,HD22,3.042,vdw hydrophobic
GLN,24,NE2,GLY,476,HA2,3.672,vdw hydrophobic
GLN,24,HA,ALA,475,HB2,3.387,vdw hydrophobic
GLN,24,HB2,ASN,487,HD21,3.527,vdw hydrophobic
GLN,24,HB3,ASN,487,CG,3.263,vdw hydrophobic
GLN,24,HB3,ASN,487,OD1,2.684,vdw hydrophobic
GLN,24,HB3,ASN,487,ND2,3.230,vdw hydrophobic
GLN,24,HB3,ASN,487,HD21,2.651,vdw hydrophobic
GLN,24,HG2,ALA,475,C,3.369,vdw hydrophobic
GLN,24,HG2,ALA,475,O,2.593,vdw hydrophobic
GLN,24,HG2,ALA,475,HB2,3.708,vdw hydrophobic
GLN,24,HG2,GLY,476,N,3.809,vdw hydrophobic
GLN,24,HG2,GLY,476,CA,3.678,vdw hydrophobic
GLN,24,HG2,GLY,476,HA2,2.885,vdw hydrophobic
GLN,24,HG2,GLY,476,HA3,3.978,vdw hydrophobic
GLN,24,HG2,ASN,487,CG,3.994,vdw hydrophobic
GLN,24,HG2,ASN,487,OD1,3.961,vdw hydrophobic
GLN,24,HG2,ASN,487,ND2,3.752,vdw hydrophobic
GLN,24,HG2,ASN,487,HD21,3.476,vdw hydrophobic
GLN,24,HG3,ALA,475,O,3.912,vdw hydrophobic
GLN,24,HE22,GLY,476,HA2,3.897,vdw hydrophobic
THR,27,CA,PHE,456,HE1,3.920,vdw hydrophobic
THR,27,O,PHE,456,CE1,3.981,vdw hydrophobic
THR,27,O,PHE,456,CZ,3.865,vdw hydrophobic
THR,27,O,PHE,456,HE1,3.476,vdw hydrophobic
THR,27,O,PHE,456,HZ,3.237,vdw hydrophobic
THR,27,CB,ALA,475,HB2,3.578,vdw hydrophobic
THR,27,CB,TYR,489,HE2,3.610,vdw hydrophobic
THR,27,OG1,ALA,475,HB2,3.753,vdw hydrophobic
THR,27,CG2,PHE,456,CD1,3.834,vdw hydrophobic
THR,27,CG2,PHE,456,CE1,3.490,vdw hydrophobic
THR,27,CG2,PHE,456,CZ,3.985,vdw hydrophobic
THR,27,CG2,PHE,456,HD1,3.977,vdw hydrophobic
THR,27,CG2,PHE,456,HE1,3.374,vdw hydrophobic
THR,27,CG2,TYR,473,HE2,3.340,vdw hydrophobic
THR,27,CG2,ALA,475,CB,3.973,vdw hydrophobic
THR,27,CG2,ALA,475,HB2,3.580,vdw hydrophobic
THR,27,CG2,ALA,475,HB3,3.376,vdw hydrophobic
THR,27,CG2,TYR,489,CE2,3.659,vdw hydrophobic
THR,27,CG2,TYR,489,HE2,3.005,vdw hydrophobic
THR,27,CG2,TYR,489,HD2,3.940,vdw hydrophobic
THR,27,HA,PHE,456,CE1,3.983,vdw hydrophobic
THR,27,HA,PHE,456,HE1,3.136,vdw hydrophobic
THR,27,HB,ALA,475,CB,3.757,vdw hydrophobic
THR,27,HB,ALA,475,HB2,2.956,vdw hydrophobic
THR,27,HB,ALA,475,HB3,3.751,vdw hydrophobic
THR,27,HB,TYR,489,CE2,3.989,vdw hydrophobic
THR,27,HB,TYR,489,HE2,3.130,vdw hydrophobic
THR,27,HG21,PHE,456,CG,3.944,vdw hydrophobic
THR,27,HG21,PHE,456,CD1,2.981,vdw hydrophobic
THR,27,HG21,PHE,456,CE1,2.728,vdw hydrophobic
THR,27,HG21,PHE,456,CZ,3.543,vdw hydrophobic
THR,27,HG21,PHE,456,HD1,2.986,vdw hydrophobic
THR,27,HG21,PHE,456,HE1,2.530,vdw hydrophobic
THR,27,HG21,PHE,456,HZ,3.948,vdw hydrophobic
THR,27,HG21,TYR,473,HE2,3.433,vdw hydrophobic
THR,27,HG21,TYR,489,HE2,3.980,vdw hydrophobic
THR,27,HG22,TYR,473,CD2,3.748,vdw hydrophobic
THR,27,HG22,TYR,473,CE2,3.320,vdw hydrophobic
THR,27,HG22,TYR,473,HE2,2.384,vdw hydrophobic
THR,27,HG22,TYR,473,HD2,3.329,vdw hydrophobic
THR,27,HG22,ALA,475,CB,3.089,vdw hydrophobic
THR,27,HG22,ALA,475,HB1,3.778,vdw hydrophobic
THR,27,HG22,ALA,475,HB2,2.810,vdw hydrophobic
THR,27,HG22,ALA,475,HB3,2.434,vdw hydrophobic
THR,27,HG22,TYR,489,CD2,3.917,vdw hydrophobic
THR,27,HG22,TYR,489,CE2,3.538,vdw hydrophobic
THR,27,HG22,TYR,489,HE2,2.728,vdw hydrophobic
THR,27,HG22,TYR,489,HD2,3.536,vdw hydrophobic
THR,27,HG23,PHE,456,CD1,3.924,vdw hydrophobic
THR,27,HG23,PHE,456,CE1,3.314,vdw hydrophobic
THR,27,HG23,PHE,456,CZ,3.430,vdw hydrophobic
THR,27,HG23,PHE,456,HE1,3.316,vdw hydrophobic
THR,27,HG23,PHE,456,HZ,3.527,vdw hydrophobic
THR,27,HG23,ALA,475,HB2,3.947,vdw hydrophobic
THR,27,HG23,ALA,475,HB3,3.509,vdw hydrophobic
THR,27,HG23,TYR,489,CD2,3.337,vdw hydrophobic
THR,27,HG23,TYR,489,CE2,2.872,vdw hydrophobic
THR,27,HG23,TYR,489,CZ,3.648,vdw hydrophobic
THR,27,HG23,TYR,489,HE2,2.482,vdw hydrophobic
THR,27,HG23,TYR,489,HD2,3.369,vdw hydrophobic
THR,27,HG1,TYR,473,HE2,3.440,vdw hydrophobic
THR,27,HG1,ALA,475,CB,3.967,vdw hydrophobic
THR,27,HG1,ALA,475,HB2,3.096,vdw hydrophobic
THR,27,HG1,ALA,475,HB3,3.917,vdw hydrophobic
PHE,28,N,TYR,489,OH,3.630,vdw hydrophobic
PHE,28,N,TYR,489,HH,3.856,vdw hydrophobic
PHE,28,CA,TYR,489,OH,3.390,vdw hydrophobic
PHE,28,CA,TYR,489,HH,3.260,vdw hydrophobic
PHE,28,CB,TYR,489,OH,3.546,vdw hydrophobic
PHE,28,CB,TYR,489,HH,3.162,vdw hydrophobic
PHE,28,CG,TYR,489,CE1,5.477,aromatic stacking
PHE,28,CG,TYR,489,CZ,5.289,aromatic stacking
PHE,28,CG,TYR,489,HH,3.629,vdw hydrophobic
PHE,28,CD1,TYR,489,CE1,4.721,aromatic stacking
PHE,28,CD1,TYR,489,CZ,4.846,aromatic stacking
PHE,28,CD1,TYR,489,HE1,3.929,vdw hydrophobic
PHE,28,CD1,TYR,489,HH,3.210,vdw hydrophobic
PHE,28,H,TYR,489,OH,3.941,vdw hydrophobic
PHE,28,HA,TYR,489,CE1,3.605,vdw hydrophobic
PHE,28,HA,TYR,489,CZ,3.198,vdw hydrophobic
PHE,28,HA,TYR,489,OH,2.675,vdw hydrophobic
PHE,28,HA,TYR,489,HE1,3.525,vdw hydrophobic
PHE,28,HA,TYR,489,HH,2.555,vdw hydrophobic
PHE,28,HB2,TYR,489,OH,2.868,vdw hydrophobic
PHE,28,HB2,TYR,489,HH,2.483,vdw hydrophobic
PHE,28,HD1,TYR,489,CE1,3.648,vdw hydrophobic
PHE,28,HD1,TYR,489,CZ,3.832,vdw hydrophobic
PHE,28,HD1,TYR,489,OH,3.159,vdw hydrophobic
PHE,28,HD1,TYR,489,HE1,2.859,vdw hydrophobic
PHE,28,HD1,TYR,489,HH,2.288,vdw hydrophobic
ASP,30,C,LEU,455,HD22,3.621,vdw hydrophobic
ASP,30,C,PHE,456,HZ,3.693,vdw hydrophobic
ASP,30,O,LEU,455,HD12,3.815,vdw hydrophobic
ASP,30,O,LEU,455,HD22,3.229,vdw hydrophobic
ASP,30,CB,PHE,456,CE1,3.928,vdw hydrophobic
ASP,30,CB,PHE,456,HE1,2.955,vdw hydrophobic
ASP,30,CB,PHE,456,HZ,3.924,vdw hydrophobic
ASP,30,CG,LYS,417,NZ,3.734,salt bridge
ASP,30,CG,LYS,417,HE3,3.637,salt bridge
ASP,30,CG,LYS,417,HZ2,2.825,salt bridge
ASP,30,CG,LEU,455,HD12,3.443,vdw hydrophobic
ASP,30,CG,PHE,456,HE1,3.327,vdw hydrophobic
ASP,30,OD1,LYS,417,CE,3.977,salt bridge
ASP,30,OD1,LYS,417,HE2,3.949,salt bridge
ASP,30,OD1,LYS,417,HE3,3.243,salt bridge
ASP,30,OD1,LYS,417,HZ2,3.301,salt bridge
ASP,30,OD1,LEU,455,HD12,2.984,vdw hydrophobic
ASP,30,OD2,LYS,417,CE,3.563,salt bridge
ASP,30,OD2,LYS,417,NZ,2.905,salt bridge
ASP,30,OD2,LYS,417,HE2,3.475,salt bridge
ASP,30,OD2,LYS,417,HE3,3.403,salt bridge
ASP,30,OD2,LYS,417,HZ1,3.453,salt bridge
ASP,30,OD2,LYS,417,HZ2,1.905,salt bridge
ASP,30,OD2,LYS,417,HZ3,3.384,salt bridge
ASP,30,OD2,LEU,455,HD12,3.894,vdw hydrophobic
ASP,30,OD2,PHE,456,HE1,3.314,vdw hydrophobic
ASP,30,HB2,PHE,456,HE1,3.222,vdw hydrophobic
ASP,30,HB3,LYS,417,HZ2,3.999,salt bridge
ASP,30,HB3,LEU,455,HD12,3.888,vdw hydrophobic
ASP,30,HB3,PHE,456,CE1,2.910,vdw hydrophobic
ASP,30,HB3,PHE,456,CZ,3.297,vdw hydrophobic
ASP,30,HB3,PHE,456,HE1,2.011,vdw hydrophobic
ASP,30,HB3,PHE,456,HZ,2.886,vdw hydrophobic
LYS,31,N,LEU,455,HD22,3.718,vdw hydrophobic
LYS,31,N,PHE,456,HZ,3.044,vdw hydrophobic
LYS,31,CA,LEU,455,HD22,3.441,vdw hydrophobic
LYS,31,CA,PHE,456,HZ,3.179,vdw hydrophobic
LYS,31,CB,PHE,456,HZ,3.027,vdw hydrophobic
LYS,31,CG,TYR,489,CD1,3.985,vdw hydrophobic
LYS,31,CG,TYR,489,HD1,3.631,vdw hydrophobic
LYS,31,CD,TYR,489,HB3,3.852,vdw hydrophobic
LYS,31,CD,TYR,489,HD1,3.885,vdw hydrophobic
LYS,31,NZ,GLN,493,CD,3.369,vdw hydrophobic
LYS,31,NZ,GLN,493,NE2,3.617,vdw hydrophobic
LYS,31,NZ,GLN,493,OE1,2.926,hydrogen bond
LYS,31,NZ,GLN,493,HE21,3.455,vdw hydrophobic
LYS,31,H,PHE,456,HZ,3.068,vdw hydrophobic
LYS,31,HA,LEU,455,CD2,3.325,vdw hydrophobic
LYS,31,HA,LEU,455,HD21,3.385,vdw hydrophobic
LYS,31,HA,LEU,455,HD22,2.441,vdw hydrophobic
LYS,31,HA,LEU,455,HD23,3.770,vdw hydrophobic
LYS,31,HA,PHE,456,CZ,3.895,vdw hydrophobic
LYS,31,HA,PHE,456,HZ,2.944,vdw hydrophobic
LYS,31,HB2,LEU,455,HD22,3.934,vdw hydrophobic
LYS,31,HB2,PHE,456,CE2,3.494,vdw hydrophobic
LYS,31,HB2,PHE,456,CZ,3.131,vdw hydrophobic
LYS,31,HB2,PHE,456,HZ,2.247,vdw hydrophobic
LYS,31,HB2,PHE,456,HE2,3.058,vdw hydrophobic
LYS,31,HB2,TYR,489,CG,3.845,vdw hydrophobic
LYS,31,HB2,TYR,489,CD1,3.623,vdw hydrophobic
LYS,31,HB2,TYR,489,CE1,3.903,vdw hydrophobic
LYS,31,HB2,TYR,489,HB3,3.782,vdw hydrophobic
LYS,31,HB2,TYR,489,HD1,3.796,vdw hydrophobic
LYS,31,HB3,PHE,456,HZ,3.502,vdw hydrophobic
LYS,31,HB3,TYR,489,CD1,3.984,vdw hydrophobic
LYS,31,HB3,TYR,489,CE1,3.696,vdw hydrophobic
LYS,31,HB3,TYR,489,HE1,3.674,vdw hydrophobic
LYS,31,HG2,TYR,489,CD1,3.157,vdw hydrophobic
LYS,31,HG2,TYR,489,CE1,3.398,vdw hydrophobic
LYS,31,HG2,TYR,489,HB3,3.987,vdw hydrophobic
LYS,31,HG2,TYR,489,HD1,2.716,vdw hydrophobic
LYS,31,HG2,TYR,489,HE1,3.199,vdw hydrophobic
LYS,31,HD2,LEU,455,HD21,3.643,vdw hydrophobic
LYS,31,HD2,LEU,455,HD22,3.836,vdw hydrophobic
LYS,31,HD2,GLN,493,HG2,3.684,vdw hydrophobic
LYS,31,HD3,LEU,455,HD21,3.614,vdw hydrophobic
LYS,31,HD3,PHE,456,HZ,3.862,vdw hydrophobic
LYS,31,HD3,PHE,456,HE2,3.054,vdw hydrophobic
LYS,31,HD3,TYR,489,CB,3.881,vdw hydrophobic
LYS,31,HD3,TYR,489,CD1,3.883,vdw hydrophobic
LYS,31,HD3,TYR,489,HB3,2.869,vdw hydrophobic
LYS,31,HD3,TYR,489,HD1,3.457,vdw hydrophobic
LYS,31,HD3,GLN,493,NE2,3.916,vdw hydrophobic
LYS,31,HD3,GLN,493,HE21,3.757,vdw hydrophobic
LYS,31,HE2,GLU,484,OE1,3.702,salt bridge
LYS,31,HE2,TYR,489,HB3,3.826,vdw hydrophobic
LYS,31,HE2,TYR,489,HD1,3.261,vdw hydrophobic
LYS,31,HZ1,GLU,484,OE1,3.917,salt bridge
LYS,31,HZ1,GLN,493,CD,2.923,vdw hydrophobic
LYS,31,HZ1,GLN,493,NE2,2.896,vdw hydrophobic
LYS,31,HZ1,GLN,493,OE1,2.629,vdw hydrophobic
LYS,31,HZ1,GLN,493,HE21,2.555,vdw hydrophobic
LYS,31,HZ1,GLN,493,HE22,3.661,vdw hydrophobic
LYS,31,HZ2,GLN,493,CD,3.880,vdw hydrophobic
LYS,31,HZ2,GLN,493,OE1,3.100,vdw hydrophobic
LYS,31,HZ3,GLN,493,CG,3.588,vdw hydrophobic
LYS,31,HZ3,GLN,493,CD,2.917,vdw hydrophobic
LYS,31,HZ3,GLN,493,NE2,3.422,vdw hydrophobic
LYS,31,HZ3,GLN,493,OE1,2.580,vdw hydrophobic
LYS,31,HZ3,GLN,493,HG2,3.394,vdw hydrophobic
LYS,31,HZ3,GLN,493,HG3,3.520,vdw hydrophobic
LYS,31,HZ3,GLN,493,HE21,3.545,vdw hydrophobic
HIE,34,CB,TYR,453,HH,3.935,vdw hydrophobic
HIE,34,CB,LEU,455,HD23,3.828,vdw hydrophobic
HIE,34,CB,GLN,493,HG2,3.686,vdw hydrophobic
HIE,34,CG,TYR,453,OH,3.645,vdw hydrophobic
HIE,34,CG,TYR,453,HH,3.827,vdw hydrophobic
HIE,34,CG,LEU,455,HD11,3.804,vdw hydrophobic
HIE,34,CG,LEU,455,HD22,3.876,vdw hydrophobic
HIE,34,CG,LEU,455,HD23,3.652,vdw hydrophobic
HIE,34,ND1,LEU,455,HD11,3.724,vdw hydrophobic
HIE,34,ND1,LEU,455,HD12,3.321,vdw hydrophobic
HIE,34,ND1,LEU,455,HD22,3.462,vdw hydrophobic
HIE,34,ND1,LEU,455,HD23,3.860,vdw hydrophobic
HIE,34,CD2,TYR,453,OH,2.860,vdw hydrophobic
HIE,34,CD2,TYR,453,HH,3.170,vdw hydrophobic
HIE,34,CD2,TYR,453,HE2,3.981,vdw hydrophobic
HIE,34,CD2,LEU,455,HD11,3.460,vdw hydrophobic
HIE,34,CE1,LYS,417,HE3,3.899,vdw hydrophobic
HIE,34,CE1,LEU,455,CD1,3.618,vdw hydrophobic
HIE,34,CE1,LEU,455,HD11,3.341,vdw hydrophobic
HIE,34,CE1,LEU,455,HD12,2.916,vdw hydrophobic
HIE,34,CE1,LEU,455,HD22,3.992,vdw hydrophobic
HIE,34,NE2,TYR,453,OH,3.758,vdw hydrophobic
HIE,34,NE2,LEU,455,CD1,3.770,vdw hydrophobic
HIE,34,NE2,LEU,455,HD11,3.141,vdw hydrophobic
HIE,34,NE2,LEU,455,HD12,3.414,vdw hydrophobic
HIE,34,HB2,LEU,455,CD2,3.801,vdw hydrophobic
HIE,34,HB2,LEU,455,HD22,3.434,vdw hydrophobic
HIE,34,HB2,LEU,455,HD23,3.200,vdw hydrophobic
HIE,34,HB2,GLN,493,HG2,3.030,vdw hydrophobic
HIE,34,HB3,TYR,453,OH,3.308,vdw hydrophobic
HIE,34,HB3,TYR,453,HH,3.045,vdw hydrophobic
HIE,34,HB3,LEU,455,HD23,3.826,vdw hydrophobic
HIE,34,HB3,GLN,493,CG,3.972,vdw hydrophobic
HIE,34,HB3,GLN,493,HB3,3.780,vdw hydrophobic
HIE,34,HB3,GLN,493,HG2,3.273,vdw hydrophobic
HIE,34,HB3,GLN,493,HG3,3.894,vdw hydrophobic
HIE,34,HE1,LYS,417,HE3,3.426,vdw hydrophobic
HIE,34,HE1,LEU,455,CD1,3.743,vdw hydrophobic
HIE,34,HE1,LEU,455,HD11,3.745,vdw hydrophobic
HIE,34,HE1,LEU,455,HD12,2.852,vdw hydrophobic
HIE,34,HE2,LYS,417,HG3,3.363,vdw hydrophobic
HIE,34,HE2,LYS,417,HE3,3.750,vdw hydrophobic
HIE,34,HE2,TYR,453,OH,3.965,vdw hydrophobic
HIE,34,HE2,TYR,453,HE2,3.841,vdw hydrophobic
HIE,34,HE2,LEU,455,CD1,3.982,vdw hydrophobic
HIE,34,HE2,LEU,455,HD11,3.329,vdw hydrophobic
HIE,34,HE2,LEU,455,HD12,3.744,vdw hydrophobic
HIE,34,HD2,TYR,453,CE2,3.951,vdw hydrophobic
HIE,34,HD2,TYR,453,CZ,3.309,vdw hydrophobic
HIE,34,HD2,TYR,453,OH,2.117,vdw hydrophobic
HIE,34,HD2,TYR,453,HH,2.311,vdw hydrophobic
HIE,34,HD2,TYR,453,HE2,3.714,vdw hydrophobic
HIE,34,HD2,LEU,455,HD11,3.877,vdw hydrophobic
GLU,35,OE2,GLN,493,OE1,3.495,vdw hydrophobic
GLU,37,CG,TYR,505,HE2,3.832,vdw hydrophobic
GLU,37,CD,TYR,505,OH,3.852,vdw hydrophobic
GLU,37,CD,TYR,505,HE2,3.565,vdw hydrophobic
GLU,37,OE1,TYR,505,OH,3.899,vdw hydrophobic
GLU,37,OE2,TYR,505,OH,3.457,hydrogen bond
GLU,37,OE2,TYR,505,HE2,3.462,vdw hydrophobic
GLU,37,HG2,TYR,505,CE2,3.847,vdw hydrophobic
GLU,37,HG2,TYR,505,HE2,3.051,vdw hydrophobic
ASP,38,CB,TYR,449,HH,3.832,vdw hydrophobic
ASP,38,CG,TYR,449,CE1,3.991,vdw hydrophobic
ASP,38,CG,TYR,449,OH,3.302,vdw hydrophobic
ASP,38,CG,TYR,449,HE1,3.152,vdw hydrophobic
ASP,38,CG,TYR,449,HH,2.350,vdw hydrophobic
ASP,38,CG,GLY,496,HA3,3.870,vdw hydrophobic
ASP,38,OD1,TYR,449,OH,3.178,hydrogen bond
ASP,38,OD1,TYR,449,HE1,3.296,vdw hydrophobic
ASP,38,OD1,TYR,449,HH,2.349,vdw hydrophobic
ASP,38,OD1,GLY,496,HA3,3.055,vdw hydrophobic
ASP,38,OD1,GLN,498,HE21,3.439,vdw hydrophobic
ASP,38,OD2,TYR,449,CE1,3.529,vdw hydrophobic
ASP,38,OD2,TYR,449,CZ,3.536,vdw hydrophobic
ASP,38,OD2,TYR,449,OH,2.695,hydrogen bond
ASP,38,OD2,TYR,449,HE1,2.849,vdw hydrophobic
ASP,38,OD2,TYR,449,HH,1.823,vdw hydrophobic
TYR,41,CD2,GLN,498,CD,3.713,vdw hydrophobic
TYR,41,CD2,GLN,498,NE2,3.620,vdw hydrophobic
TYR,41,CD2,GLN,498,OE1,3.711,vdw hydrophobic
TYR,41,CD2,GLN,498,HE21,3.485,vdw hydrophobic
TYR,41,CE2,GLN,498,CD,3.591,vdw hydrophobic
TYR,41,CE2,GLN,498,NE2,3.576,vdw hydrophobic
TYR,41,CE2,GLN,498,OE1,3.948,vdw hydrophobic
TYR,41,CE2,GLN,498,HB2,3.308,vdw hydrophobic
TYR,41,CE2,GLN,498,HG2,3.806,vdw hydrophobic
TYR,41,CE2,GLN,498,HE21,3.801,vdw hydrophobic
TYR,41,CE2,GLN,498,HE22,3.788,vdw hydrophobic
TYR,41,CE2,ASN,501,OD1,3.747,vdw hydrophobic
TYR,41,CZ,GLN,498,HB2,3.813,vdw hydrophobic
TYR,41,CZ,THR,500,OG1,3.859,vdw hydrophobic
TYR,41,CZ,THR,500,HG1,3.873,vdw hydrophobic
TYR,41,CZ,ASN,501,OD1,3.474,vdw hydrophobic
TYR,41,CZ,ASN,501,HA,3.999,vdw hydrophobic
TYR,41,OH,GLN,498,HB2,3.757,vdw hydrophobic
TYR,41,OH,THR,500,C,3.476,vdw hydrophobic
TYR,41,OH,THR,500,O,3.506,vdw hydrophobic
TYR,41,OH,THR,500,CB,3.541,vdw hydrophobic
TYR,41,OH,THR,500,OG1,2.707,hydrogen bond
TYR,41,OH,THR,500,HB,3.334,vdw hydrophobic
TYR,41,OH,THR,500,HG1,2.867,vdw hydrophobic
TYR,41,OH,ASN,501,N,3.670,vdw hydrophobic
TYR,41,OH,ASN,501,OD1,3.431,hydrogen bond
TYR,41,OH,ASN,501,HA,3.357,vdw hydrophobic
TYR,41,HE1,ASN,501,HA,3.765,vdw hydrophobic
TYR,41,HH,THR,500,C,3.208,vdw hydrophobic
TYR,41,HH,THR,500,O,2.924,vdw hydrophobic
TYR,41,HH,THR,500,CB,3.601,vdw hydrophobic
TYR,41,HH,THR,500,OG1,3.132,vdw hydrophobic
TYR,41,HH,THR,500,HB,3.151,vdw hydrophobic
TYR,41,HH,THR,500,HG1,3.337,vdw hydrophobic
TYR,41,HH,ASN,501,N,3.537,vdw hydrophobic
TYR,41,HH,ASN,501,CA,3.759,vdw hydrophobic
TYR,41,HH,ASN,501,OD1,3.750,vdw hydrophobic
TYR,41,HH,ASN,501,HA,2.936,vdw hydrophobic
TYR,41,HE2,GLN,498,CB,3.280,vdw hydrophobic
TYR,41,HE2,GLN,498,CG,3.124,vdw hydrophobic
TYR,41,HE2,GLN,498,CD,2.994,vdw hydrophobic
TYR,41,HE2,GLN,498,NE2,3.283,vdw hydrophobic
TYR,41,HE2,GLN,498,OE1,3.425,vdw hydrophobic
TYR,41,HE2,GLN,498,HB2,2.686,vdw hydrophobic
TYR,41,HE2,GLN,498,HB3,3.125,vdw hydrophobic
TYR,41,HE2,GLN,498,HG2,2.779,vdw hydrophobic
TYR,41,HE2,GLN,498,HE21,3.755,vdw hydrophobic
TYR,41,HE2,GLN,498,HE22,3.493,vdw hydrophobic
TYR,41,HE2,THR,500,OG1,3.672,vdw hydrophobic
TYR,41,HE2,THR,500,HG1,3.589,vdw hydrophobic
TYR,41,HE2,ASN,501,OD1,3.860,vdw hydrophobic
TYR,41,HD2,GLN,498,CD,3.249,vdw hydrophobic
TYR,41,HD2,GLN,498,NE2,3.370,vdw hydrophobic
TYR,41,HD2,GLN,498,OE1,2.908,vdw hydrophobic
TYR,41,HD2,GLN,498,HE21,3.163,vdw hydrophobic
GLN,42,CD,GLN,498,OE1,3.356,vdw hydrophobic
GLN,42,NE2,GLY,446,HA2,3.779,vdw hydrophobic
GLN,42,NE2,GLN,498,OE1,3.379,hydrogen bond
GLN,42,OE1,GLY,446,O,3.244,vdw hydrophobic
GLN,42,OE1,TYR,449,OH,2.788,hydrogen bond
GLN,42,OE1,TYR,449,HH,3.104,vdw hydrophobic
GLN,42,OE1,TYR,449,HE2,3.928,vdw hydrophobic
GLN,42,OE1,GLN,498,OE1,2.927,vdw hydrophobic
GLN,42,HG2,TYR,449,HH,3.992,vdw hydrophobic
GLN,42,HE21,GLY,446,CA,3.754,vdw hydrophobic
GLN,42,HE21,GLY,446,C,3.801,vdw hydrophobic
GLN,42,HE21,GLY,446,O,3.472,vdw hydrophobic
GLN,42,HE21,GLY,446,HA2,2.871,vdw hydrophobic
GLN,42,HE21,GLN,498,OE1,2.992,vdw hydrophobic
GLN,42,HE21,GLN,498,HG2,3.960,vdw hydrophobic
LEU,45,CD1,THR,500,HG1,3.837,vdw hydrophobic
LEU,45,CD2,GLN,498,HG2,3.645,vdw hydrophobic
LEU,45,CD2,THR,500,HG1,3.835,vdw hydrophobic
LEU,45,HD11,THR,500,HG1,3.430,vdw hydrophobic
LEU,45,HD12,THR,500,HG22,3.894,vdw hydrophobic
LEU,45,HD12,THR,500,HG1,3.314,vdw hydrophobic
LEU,45,HD21,GLN,498,HG2,3.428,vdw hydrophobic
LEU,45,HD22,VAL,445,HG11,3.855,vdw hydrophobic
LEU,45,HD22,GLY,446,H,3.976,vdw hydrophobic
LEU,45,HD22,GLN,498,HG2,3.390,vdw hydrophobic
LEU,45,HD22,THR,500,OG1,3.982,vdw hydrophobic
LEU,45,HD22,THR,500,HG1,3.293,vdw hydrophobic
LEU,45,HD23,GLN,498,HG2,3.497,vdw hydrophobic
LEU,45,HD23,THR,500,HG1,3.448,vdw hydrophobic
LEU,79,O,PHE,486,HE1,3.226,vdw hydrophobic
LEU,79,CD2,PHE,486,CD1,3.774,vdw hydrophobic
LEU,79,CD2,PHE,486,HA,3.765,vdw hydrophobic
LEU,79,CD2,PHE,486,HB2,3.980,vdw hydrophobic
LEU,79,CD2,PHE,486,HD1,2.686,vdw hydrophobic
LEU,79,HD21,PHE,486,CD1,3.356,vdw hydrophobic
LEU,79,HD21,PHE,486,HB2,3.793,vdw hydrophobic
LEU,79,HD21,PHE,486,HD1,2.321,vdw hydrophobic
LEU,79,HD21,PHE,486,HE1,3.780,vdw hydrophobic
LEU,79,HD22,PHE,486,HA,3.379,vdw hydrophobic
LEU,79,HD22,PHE,486,HB2,3.483,vdw hydrophobic
LEU,79,HD22,PHE,486,HD1,2.959,vdw hydrophobic
LEU,79,HD23,PHE,486,CD1,3.381,vdw hydrophobic
LEU,79,HD23,PHE,486,HA,3.242,vdw hydrophobic
LEU,79,HD23,PHE,486,HD1,2.382,vdw hydrophobic
LEU,79,HD23,PHE,486,HE1,3.916,vdw hydrophobic
MET,82,O,PHE,486,HZ,3.424,vdw hydrophobic
MET,82,CB,PHE,486,CE1,3.579,vdw hydrophobic
MET,82,CB,PHE,486,CZ,3.990,vdw hydrophobic
MET,82,CB,PHE,486,HE1,3.043,vdw hydrophobic
MET,82,CB,PHE,486,HZ,3.847,vdw hydrophobic
MET,82,CG,PHE,486,HE1,3.875,vdw hydrophobic
MET,82,SD,PHE,486,CD1,3.638,vdw hydrophobic
MET,82,SD,PHE,486,CE1,3.736,vdw hydrophobic
MET,82,SD,PHE,486,HD1,3.443,vdw hydrophobic
MET,82,SD,PHE,486,HE1,3.632,vdw hydrophobic
MET,82,HB2,PHE,486,CD1,3.684,vdw hydrophobic
MET,82,HB2,PHE,486,CE1,2.809,vdw hydrophobic
MET,82,HB2,PHE,486,CZ,3.479,vdw hydrophobic
MET,82,HB2,PHE,486,HD1,3.791,vdw hydrophobic
MET,82,HB2,PHE,486,HE1,2.082,vdw hydrophobic
MET,82,HB2,PHE,486,HZ,3.443,vdw hydrophobic
MET,82,HB3,PHE,486,CE1,3.309,vdw hydrophobic
MET,82,HB3,PHE,486,CZ,3.401,vdw hydrophobic
MET,82,HB3,PHE,486,HE1,3.087,vdw hydrophobic
MET,82,HB3,PHE,486,HZ,3.255,vdw hydrophobic
TYR,83,CG,PHE,486,CE1,5.071,aromatic stacking
TYR,83,CG,PHE,486,CZ,4.926,aromatic stacking
TYR,83,CD1,PHE,486,CE1,4.438,aromatic stacking
TYR,83,CD1,PHE,486,CZ,4.674,aromatic stacking
TYR,83,CD1,PHE,486,HE1,3.593,vdw hydrophobic
TYR,83,CD2,PHE,486,CE1,5.020,aromatic stacking
TYR,83,CD2,PHE,486,CZ,4.601,aromatic stacking
TYR,83,CD2,PHE,486,HZ,3.759,vdw hydrophobic
TYR,83,CE1,PHE,486,CD1,4.676,aromatic stacking
TYR,83,CE1,PHE,486,CE1,3.661,aromatic stacking
TYR,83,CE1,PHE,486,CE2,5.311,aromatic stacking
TYR,83,CE1,PHE,486,CZ,4.067,aromatic stacking
TYR,83,CE1,PHE,486,HE1,2.914,vdw hydrophobic
TYR,83,CE1,PHE,486,HZ,3.756,vdw hydrophobic
TYR,83,CE2,PHE,486,CD1,5.460,aromatic stacking
TYR,83,CE2,PHE,486,CE1,4.347,aromatic stacking
TYR,83,CE2,PHE,486,CE2,4.875,aromatic stacking
TYR,83,CE2,PHE,486,CZ,3.978,aromatic stacking
TYR,83,CE2,PHE,486,HZ,3.383,vdw hydrophobic
TYR,83,CE2,ASN,487,OD1,3.798,vdw hydrophobic
TYR,83,CE2,ASN,487,HD21,3.672,vdw hydrophobic
TYR,83,CZ,PHE,486,CG,5.450,aromatic stacking
TYR,83,CZ,PHE,486,CD1,4.583,aromatic stacking
TYR,83,CZ,PHE,486,CD2,5.489,aromatic stacking
TYR,83,CZ,PHE,486,CE1,3.605,aromatic stacking
TYR,83,CZ,PHE,486,CE2,4.706,aromatic stacking
TYR,83,CZ,PHE,486,CZ,3.678,aromatic stacking
TYR,83,CZ,PHE,486,HE1,3.238,vdw hydrophobic
TYR,83,CZ,PHE,486,HZ,3.384,vdw hydrophobic
TYR,83,CZ,ASN,487,OD1,3.717,vdw hydrophobic
TYR,83,OH,PHE,486,CE1,3.521,vdw hydrophobic
TYR,83,OH,PHE,486,CZ,3.736,vdw hydrophobic
TYR,83,OH,PHE,486,HE1,3.424,vdw hydrophobic
TYR,83,OH,PHE,486,HZ,3.813,vdw hydrophobic
TYR,83,OH,ASN,487,CG,3.689,vdw hydrophobic
TYR,83,OH,ASN,487,OD1,2.788,hydrogen bond
TYR,83,OH,ASN,487,H,3.882,vdw hydrophobic
TYR,83,OH,TYR,489,OH,3.545,vdw hydrophobic
TYR,83,OH,TYR,489,HH,3.173,vdw hydrophobic
TYR,83,HD1,PHE,486,HE1,3.937,vdw hydrophobic
TYR,83,HE1,PHE,486,CE1,3.611,vdw hydrophobic
TYR,83,HE1,PHE,486,HE1,2.772,vdw hydrophobic
TYR,83,HH,PHE,486,CD1,3.810,vdw hydrophobic
TYR,83,HH,PHE,486,CE1,3.418,vdw hydrophobic
TYR,83,HH,PHE,486,CZ,3.976,vdw hydrophobic
TYR,83,HH,PHE,486,HD1,3.923,vdw hydrophobic
TYR,83,HH,PHE,486,HE1,3.226,vdw hydrophobic
TYR,83,HH,ASN,487,OD1,3.404,vdw hydrophobic
TYR,83,HH,ASN,487,H,3.535,vdw hydrophobic
TYR,83,HH,TYR,489,OH,3.418,vdw hydrophobic
TYR,83,HH,TYR,489,HH,2.816,vdw hydrophobic
TYR,83,HE2,PHE,486,HZ,3.680,vdw hydrophobic
TYR,83,HE2,ASN,487,CG,3.789,vdw hydrophobic
TYR,83,HE2,ASN,487,OD1,3.119,vdw hydrophobic
TYR,83,HE2,ASN,487,ND2,3.660,vdw hydrophobic
TYR,83,HE2,ASN,487,HD21,2.890,vdw hydrophobic
ASN,330,CG,THR,500,CG2,3.904,vdw hydrophobic
ASN,330,CG,THR,500,HB,3.901,vdw hydrophobic
ASN,330,CG,THR,500,HG22,3.949,vdw hydrophobic
ASN,330,CG,THR,500,HG23,3.056,vdw hydrophobic
ASN,330,OD1,THR,500,CG2,3.642,vdw hydrophobic
ASN,330,OD1,THR,500,HG22,3.691,vdw hydrophobic
ASN,330,OD1,THR,500,HG23,2.704,vdw hydrophobic
ASN,330,ND2,THR,500,CB,3.921,vdw hydrophobic
ASN,330,ND2,THR,500,CG2,3.840,vdw hydrophobic
ASN,330,ND2,THR,500,HA,3.627,vdw hydrophobic
ASN,330,ND2,THR,500,HB,3.348,vdw hydrophobic
ASN,330,ND2,THR,500,HG23,3.026,vdw hydrophobic
ASN,330,HD21,THR,500,CA,3.502,vdw hydrophobic
ASN,330,HD21,THR,500,O,3.695,vdw hydrophobic
ASN,330,HD21,THR,500,CB,3.541,vdw hydrophobic
ASN,330,HD21,THR,500,CG2,3.482,vdw hydrophobic
ASN,330,HD21,THR,500,HA,2.782,vdw hydrophobic
ASN,330,HD21,THR,500,HB,3.201,vdw hydrophobic
ASN,330,HD21,THR,500,HG23,2.609,vdw hydrophobic
ASN,330,HD22,THR,500,O,3.843,vdw hydrophobic
ASN,330,HD22,THR,500,HB,3.543,vdw hydrophobic
ASN,330,HD22,THR,500,HG23,3.841,vdw hydrophobic
LYS,353,CA,TYR,505,CG,3.531,vdw hydrophobic
LYS,353,CA,TYR,505,CD1,3.558,vdw hydrophobic
LYS,353,CA,TYR,505,CD2,3.612,vdw hydrophobic
LYS,353,CA,TYR,505,CE1,3.686,vdw hydrophobic
LYS,353,CA,TYR,505,CE2,3.736,vdw hydrophobic
LYS,353,CA,TYR,505,CZ,3.773,vdw hydrophobic
LYS,353,C,GLY,502,N,3.933,vdw hydrophobic
LYS,353,C,GLY,502,H,2.894,vdw hydrophobic
LYS,353,C,TYR,505,CG,3.655,vdw hydrophobic
LYS,353,C,TYR,505,CD1,3.380,vdw hydrophobic
LYS,353,C,TYR,505,CE1,3.797,vdw hydrophobic
LYS,353,C,TYR,505,HB2,3.506,vdw hydrophobic
LYS,353,C,TYR,505,HD1,3.454,vdw hydrophobic
LYS,353,O,ASN,501,CA,3.612,vdw hydrophobic
LYS,353,O,ASN,501,C,3.666,vdw hydrophobic
LYS,353,O,ASN,501,CB,3.777,vdw hydrophobic
LYS,353,O,ASN,501,HA,3.071,vdw hydrophobic
LYS,353,O,ASN,501,HB3,3.129,vdw hydrophobic
LYS,353,O,GLY,502,N,2.784,hydrogen bond
LYS,353,O,GLY,502,CA,3.696,vdw hydrophobic
LYS,353,O,GLY,502,H,1.734,vdw hydrophobic
LYS,353,O,GLY,502,HA3,3.547,vdw hydrophobic
LYS,353,O,TYR,505,CB,3.610,vdw hydrophobic
LYS,353,O,TYR,505,CG,3.634,vdw hydrophobic
LYS,353,O,TYR,505,CD1,3.591,vdw hydrophobic
LYS,353,O,TYR,505,HB2,2.788,vdw hydrophobic
LYS,353,O,TYR,505,HB3,3.861,vdw hydrophobic
LYS,353,O,TYR,505,HD1,3.465,vdw hydrophobic
LYS,353,CB,ASN,501,HB3,3.981,vdw hydrophobic
LYS,353,CB,TYR,505,CG,3.749,vdw hydrophobic
LYS,353,CB,TYR,505,CD2,3.639,vdw hydrophobic
LYS,353,CB,TYR,505,HB2,3.941,vdw hydrophobic
LYS,353,CB,TYR,505,HB3,3.756,vdw hydrophobic
LYS,353,CB,TYR,505,HD2,3.735,vdw hydrophobic
LYS,353,CG,TYR,505,HD2,3.999,vdw hydrophobic
LYS,353,CD,GLN,498,HE21,3.796,vdw hydrophobic
LYS,353,CE,GLY,496,O,3.971,vdw hydrophobic
LYS,353,CE,ASN,501,HD21,3.970,vdw hydrophobic
LYS,353,CE,TYR,505,HD2,3.372,vdw hydrophobic
LYS,353,NZ,GLY,496,CA,3.941,vdw hydrophobic
LYS,353,NZ,GLY,496,C,3.922,vdw hydrophobic
LYS,353,NZ,GLY,496,O,3.084,hydrogen bond
LYS,353,NZ,GLY,496,H,3.433,vdw hydrophobic
LYS,353,NZ,GLY,496,HA3,3.363,vdw hydrophobic
LYS,353,NZ,GLN,498,HE21,3.252,vdw hydrophobic
LYS,353,NZ,ASN,501,HD21,3.967,vdw hydrophobic
LYS,353,HA,TYR,505,CB,3.936,vdw hydrophobic
LYS,353,HA,TYR,505,CG,2.883,vdw hydrophobic
LYS,353,HA,TYR,505,CD1,2.843,vdw hydrophobic
LYS,353,HA,TYR,505,CD2,2.808,vdw hydrophobic
LYS,353,HA,TYR,505,CE1,2.759,vdw hydrophobic
LYS,353,HA,TYR,505,CE2,2.723,vdw hydrophobic
LYS,353,HA,TYR,505,CZ,2.699,vdw hydrophobic
LYS,353,HA,TYR,505,OH,3.538,vdw hydrophobic
LYS,353,HA,TYR,505,HB2,3.906,vdw hydrophobic
LYS,353,HA,TYR,505,HD1,3.555,vdw hydrophobic
LYS,353,HA,TYR,505,HE1,3.422,vdw hydrophobic
LYS,353,HA,TYR,505,HH,3.934,vdw hydrophobic
LYS,353,HA,TYR,505,HE2,3.371,vdw hydrophobic
LYS,353,HA,TYR,505,HD2,3.491,vdw hydrophobic
LYS,353,HB2,ASN,501,CG,3.790,vdw hydrophobic
LYS,353,HB2,ASN,501,OD1,3.448,vdw hydrophobic
LYS,353,HB2,ASN,501,HA,3.342,vdw hydrophobic
LYS,353,HB2,ASN,501,HB3,3.806,vdw hydrophobic
LYS,353,HB2,GLY,502,H,3.848,vdw hydrophobic
LYS,353,HB3,ASN,501,CB,3.858,vdw hydrophobic
LYS,353,HB3,ASN,501,CG,3.534,vdw hydrophobic
LYS,353,HB3,ASN,501,OD1,3.693,vdw hydrophobic
LYS,353,HB3,ASN,501,ND2,3.798,vdw hydrophobic
LYS,353,HB3,ASN,501,HB3,3.225,vdw hydrophobic
LYS,353,HB3,TYR,505,CB,3.196,vdw hydrophobic
LYS,353,HB3,TYR,505,CG,3.055,vdw hydrophobic
LYS,353,HB3,TYR,505,CD1,3.888,vdw hydrophobic
LYS,353,HB3,TYR,505,CD2,2.978,vdw hydrophobic
LYS,353,HB3,TYR,505,CE2,3.760,vdw hydrophobic
LYS,353,HB3,TYR,505,HB2,3.175,vdw hydrophobic
LYS,353,HB3,TYR,505,HB3,2.712,vdw hydrophobic
LYS,353,HB3,TYR,505,HD2,2.913,vdw hydrophobic
LYS,353,HG2,TYR,505,CD2,3.696,vdw hydrophobic
LYS,353,HG2,TYR,505,CE2,3.599,vdw hydrophobic
LYS,353,HG2,TYR,505,HE2,3.448,vdw hydrophobic
LYS,353,HG2,TYR,505,HD2,3.623,vdw hydrophobic
LYS,353,HD2,GLN,498,HE21,3.545,vdw hydrophobic
LYS,353,HD3,GLN,498,NE2,3.650,vdw hydrophobic
LYS,353,HD3,GLN,498,HE21,3.215,vdw hydrophobic
LYS,353,HD3,GLN,498,HE22,3.506,vdw hydrophobic
LYS,353,HD3,ASN,501,CG,3.488,vdw hydrophobic
LYS,353,HD3,ASN,501,OD1,2.994,vdw hydrophobic
LYS,353,HD3,ASN,501,ND2,3.645,vdw hydrophobic
LYS,353,HD3,ASN,501,HD21,3.358,vdw hydrophobic
LYS,353,HE2,GLY,496,O,3.706,vdw hydrophobic
LYS,353,HE2,ASN,501,ND2,3.670,vdw hydrophobic
LYS,353,HE2,ASN,501,HD21,3.354,vdw hydrophobic
LYS,353,HE2,ASN,501,HD22,3.979,vdw hydrophobic
LYS,353,HE2,TYR,505,CD2,3.399,vdw hydrophobic
LYS,353,HE2,TYR,505,HB3,3.395,vdw hydrophobic
LYS,353,HE2,TYR,505,HD2,2.534,vdw hydrophobic
LYS,353,HE3,TYR,505,CD2,3.941,vdw hydrophobic
LYS,353,HE3,TYR,505,HE2,3.575,vdw hydrophobic
LYS,353,HE3,TYR,505,HD2,3.302,vdw hydrophobic
LYS,353,HZ1,GLY,496,N,3.882,vdw hydrophobic
LYS,353,HZ1,GLY,496,CA,3.507,vdw hydrophobic
LYS,353,HZ1,GLY,496,C,3.222,vdw hydrophobic
LYS,353,HZ1,GLY,496,O,2.277,vdw hydrophobic
LYS,353,HZ1,GLY,496,H,3.487,vdw hydrophobic
LYS,353,HZ1,GLY,496,HA3,3.001,vdw hydrophobic
LYS,353,HZ1,GLN,498,NE2,3.155,vdw hydrophobic
LYS,353,HZ1,GLN,498,HE21,2.385,vdw hydrophobic
LYS,353,HZ1,GLN,498,HE22,3.270,vdw hydrophobic
LYS,353,HZ1,ASN,501,HD21,3.225,vdw hydrophobic
LYS,353,HZ2,GLY,496,N,3.261,vdw hydrophobic
LYS,353,HZ2,GLY,496,CA,3.497,vdw hydrophobic
LYS,353,HZ2,GLY,496,C,3.686,vdw hydrophobic
LYS,353,HZ2,GLY,496,O,3.061,vdw hydrophobic
LYS,353,HZ2,GLY,496,H,2.551,vdw hydrophobic
LYS,353,HZ2,GLY,496,HA3,3.045,vdw hydrophobic
LYS,353,HZ2,GLN,498,HE21,3.963,vdw hydrophobic
LYS,353,HZ3,GLY,496,O,3.790,vdw hydrophobic
LYS,353,HZ3,GLY,496,HA3,3.509,vdw hydrophobic
LYS,353,HZ3,GLN,498,HE21,3.325,vdw hydrophobic
GLY,354,N,GLY,502,H,3.536,vdw hydrophobic
GLY,354,N,TYR,505,CD1,3.781,vdw hydrophobic
GLY,354,N,TYR,505,CE1,3.900,vdw hydrophobic
GLY,354,N,TYR,505,HD1,3.677,vdw hydrophobic
GLY,354,N,TYR,505,HE1,3.876,vdw hydrophobic
GLY,354,CA,GLY,502,H,3.366,vdw hydrophobic
GLY,354,CA,GLY,502,HA3,3.297,vdw hydrophobic
GLY,354,CA,TYR,505,HD1,3.904,vdw hydrophobic
GLY,354,C,GLY,502,N,3.693,vdw hydrophobic
GLY,354,C,GLY,502,CA,3.866,vdw hydrophobic
GLY,354,C,GLY,502,H,3.136,vdw hydrophobic
GLY,354,C,GLY,502,HA3,3.237,vdw hydrophobic
GLY,354,O,GLY,502,N,3.611,vdw hydrophobic
GLY,354,O,GLY,502,CA,3.430,vdw hydrophobic
GLY,354,O,GLY,502,H,3.414,vdw hydrophobic
GLY,354,O,GLY,502,HA2,3.484,vdw hydrophobic
GLY,354,O,GLY,502,HA3,2.803,vdw hydrophobic
GLY,354,H,TYR,505,CE1,3.870,vdw hydrophobic
GLY,354,H,TYR,505,HE1,3.744,vdw hydrophobic
GLY,354,HA2,GLY,502,HA3,3.914,vdw hydrophobic
GLY,354,HA3,GLY,502,N,3.536,vdw hydrophobic
GLY,354,HA3,GLY,502,CA,3.330,vdw hydrophobic
GLY,354,HA3,GLY,502,H,3.042,vdw hydrophobic
GLY,354,HA3,GLY,502,HA3,2.420,vdw hydrophobic
GLY,354,HA3,TYR,505,CD1,3.950,vdw hydrophobic
GLY,354,HA3,TYR,505,HD1,3.256,vdw hydrophobic
ASP,355,N,GLY,502,H,3.448,vdw hydrophobic
ASP,355,CB,THR,500,O,3.598,vdw hydrophobic
ASP,355,CB,ASN,501,HA,3.731,vdw hydrophobic
ASP,355,CG,THR,500,O,3.460,vdw hydrophobic
ASP,355,CG,THR,500,HB,3.709,vdw hydrophobic
ASP,355,OD2,THR,500,O,3.342,vdw hydrophobic
ASP,355,OD2,THR,500,CB,3.852,vdw hydrophobic
ASP,355,OD2,THR,500,OG1,3.855,vdw hydrophobic
ASP,355,OD2,THR,500,HB,2.934,vdw hydrophobic
ASP,355,OD2,THR,500,HG1,3.732,vdw hydrophobic
ASP,355,H,GLY,502,H,3.752,vdw hydrophobic
ASP,355,HA,THR,500,O,3.854,vdw hydrophobic
ASP,355,HA,GLY,502,H,3.921,vdw hydrophobic
ASP,355,HB2,THR,500,C,3.726,vdw hydrophobic
ASP,355,HB2,THR,500,O,2.848,vdw hydrophobic
ASP,355,HB2,ASN,501,CA,3.584,vdw hydrophobic
ASP,355,HB2,ASN,501,C,3.972,vdw hydrophobic
ASP,355,HB2,ASN,501,HA,2.646,vdw hydrophobic
ASP,355,HB2,GLY,502,N,3.921,vdw hydrophobic
ASP,355,HB2,GLY,502,H,3.371,vdw hydrophobic
ARG,357,CZ,THR,500,HB,3.903,vdw hydrophobic
ARG,357,NH1,THR,500,CB,3.514,vdw hydrophobic
ARG,357,NH1,THR,500,OG1,3.708,vdw hydrophobic
ARG,357,NH1,THR,500,CG2,3.687,vdw hydrophobic
ARG,357,NH1,THR,500,HB,2.774,vdw hydrophobic
ARG,357,NH1,THR,500,HG22,3.031,vdw hydrophobic
ARG,357,NH1,THR,500,HG1,3.119,vdw hydrophobic
ARG,357,HE,THR,500,HB,3.906,vdw hydrophobic
ARG,357,HH11,THR,500,O,3.874,vdw hydrophobic
ARG,357,HH11,THR,500,CB,3.046,vdw hydrophobic
ARG,357,HH11,THR,500,OG1,3.298,vdw hydrophobic
ARG,357,HH11,THR,500,CG2,3.611,vdw hydrophobic
ARG,357,HH11,THR,500,HB,2.137,vdw hydrophobic
ARG,357,HH11,THR,500,HG22,3.230,vdw hydrophobic
ARG,357,HH11,THR,500,HG23,3.932,vdw hydrophobic
ARG,357,HH11,THR,500,HG1,2.914,vdw hydrophobic
ARG,357,HH12,THR,500,CB,3.357,vdw hydrophobic
ARG,357,HH12,THR,500,OG1,3.356,vdw hydrophobic
ARG,357,HH12,THR,500,CG2,3.290,vdw hydrophobic
ARG,357,HH12,THR,500,HB,2.911,vdw hydrophobic
ARG,357,HH12,THR,500,HG22,2.445,vdw hydrophobic
ARG,357,HH12,THR,500,HG23,3.804,vdw hydrophobic
ARG,357,HH12,THR,500,HG1,2.612,vdw hydrophobic
ARG,393,NH2,TYR,505,OH,3.735,vdw hydrophobic
ARG,393,NH2,TYR,505,HH,3.470,vdw hydrophobic
ARG,393,HH21,TYR,505,OH,3.924,vdw hydrophobic
ARG,393,HH21,TYR,505,HH,3.507,vdw hydrophobic
ARG,393,HH22,TYR,505,OH,3.054,vdw hydrophobic
ARG,393,HH22,TYR,505,HH,3.028,vdw hydrophobic
